[
  {
    "category": "vegitables",
    "title": "બટેટા - Potato",
    "description": "Description for Potato",
    "imageId": "veg1_potato",
    "audioId": "veg1_potato_en"
  },
  {
    "category": "vegitables",
    "title": "ટામેટા - Tomato",
    "description": "Description for Tomato",
    "imageId": "veg2_tomato",
    "audioId": "veg2_tomato_en"
  },
  {
    "category": "vegitables",
    "title": "કાકડી - Cucumber",
    "description": "Description for Cucumber",
    "imageId": "veg3_cucumber",
    "audioId": "veg3_cucumber_en"
  },
  {
    "category": "vegitables",
    "title": "પાલક - Spinach",
    "description": "Description for Spinach",
    "imageId": "veg4_spinach",
    "audioId": "veg4_spinach_en"
  },
  {
    "category": "vegitables",
    "title": "કોબી - Cabbage",
    "description": "Description for Cabbage",
    "imageId": "veg5_cabbage",
    "audioId": "veg5_cabbage_en"
  },
  {
    "category": "vegitables",
    "title": "ગાજર - Carrot",
    "description": "Description for Carrot",
    "imageId": "veg6_carrot",
    "audioId": "veg6_carrot_en"
  },
  {
    "category": "vegitables",
    "title": "મૂળો - Radish",
    "description": "Description for Radish",
    "imageId": "veg7_radish",
    "audioId": "veg7_radish_en"
  },
  {
    "category": "vegitables",
    "title": "બીટ - Beetroot",
    "description": "Description for Beetroot",
    "imageId": "veg8_beetroot",
    "audioId": "veg8_beetroot_en"
  },
  {
    "category": "vegitables",
    "title": "ડુંગળી - Onion",
    "description": "Description for Onion",
    "imageId": "veg9_onion",
    "audioId": "veg9_onion_en"
  },
  {
    "category": "vegitables",
    "title": "લીલી ડુંગળી - Spring Onion",
    "description": "Description for Spring Onion",
    "imageId": "veg10_spring_onion",
    "audioId": "veg10_spring_onion_en"
  },
  {
    "category": "vegitables",
    "title": "ફૂલ કોબી - Cauliflower",
    "description": "Description for Cauliflower",
    "imageId": "veg11_cauliflower",
    "audioId": "veg11_cauliflower_en"
  },
  {
    "category": "vegitables",
    "title": "વટાણા - Green Peas",
    "description": "Description for Green Peas",
    "imageId": "veg12_green_peas",
    "audioId": "veg12_green_peas_en"
  },
  {
    "category": "vegitables",
    "title": "રીંગણાં - Brinjal",
    "description": "Description for Brinjal",
    "imageId": "veg13_brinjal",
    "audioId": "veg13_brinjal_en"
  },
  {
    "category": "vegitables",
    "title": "ભીંડો - Ladyfinger",
    "description": "Description for Ladyfinger",
    "imageId": "veg14_ladyfinger",
    "audioId": "veg14_ladyfinger_en"
  },
  {
    "category": "vegitables",
    "title": "શિમલા મિર્ચ - Capsicum",
    "description": "Description for Capsicum",
    "imageId": "veg15_capsicum",
    "audioId": "veg15_capsicum_en"
  },
  {
    "category": "vegitables",
    "title": "આદુ - Ginger",
    "description": "Description for Ginger",
    "imageId": "veg16_ginger",
    "audioId": "veg16_ginger_en"
  },
  {
    "category": "vegitables",
    "title": "લસણ - Garlic",
    "description": "Description for Garlic",
    "imageId": "veg17_garlic",
    "audioId": "veg17_garlic_en"
  },
  {
    "category": "vegitables",
    "title": "કારેલા - Bitter Gourd",
    "description": "Description for Bitter Gourd",
    "imageId": "veg18_bitter_gourd",
    "audioId": "veg18_bitter_gourd_en"
  },
  {
    "category": "vegitables",
    "title": "શુરણ - Elephant’s Foot Yam",
    "description": "Description for Elephant’s Foot Yam",
    "imageId": "veg19_elephants_foot_yam",
    "audioId": "veg19_elephants_foot_yam_en"
  },
  {
    "category": "vegitables",
    "title": "શક્કરિયા - Sweet Potato",
    "description": "Description for Sweet Potato",
    "imageId": "veg20_sweet_potato",
    "audioId": "veg20_sweet_potato_en"
  },
  {
    "category": "vegitables",
    "title": "કોથમીર - Coriander",
    "description": "Description for Coriander",
    "imageId": "veg21_coriander",
    "audioId": "veg21_coriander_en"
  },
  {
    "category": "vegitables",
    "title": "લીલી મેથી - Fenugreek Leaf(S)",
    "description": "Description for Fenugreek Leaf(S)",
    "imageId": "veg22_fenugreek_leaf",
    "audioId": "veg22_fenugreek_leaf_en"
  },
  {
    "category": "vegitables",
    "title": "લીંબુ - Lemon",
    "description": "Description for Lemon",
    "imageId": "veg23_lemon",
    "audioId": "veg23_lemon_en"
  },
  {
    "category": "vegitables",
    "title": "દૂધી - Bottle Gourd",
    "description": "Description for Bottle Gourd",
    "imageId": "veg24_bottle_gourd",
    "audioId": "veg24_bottle_gourd_en"
  },
  {
    "category": "vegitables",
    "title": "ટિંડોળા - Little Gourd",
    "description": "Description for Little Gourd",
    "imageId": "veg25_little_gourd",
    "audioId": "veg25_little_gourd_en"
  },
  {
    "category": "vegitables",
    "title": "તુરીયા - Ridge Gourd",
    "description": "Description for Ridge Gourd",
    "imageId": "veg26_ridge_gourd",
    "audioId": "veg26_ridge_gourd_en"
  },
  {
    "category": "vegitables",
    "title": "ગલકા - SPONGE GOURD",
    "description": "Description for SPONGE GOURD",
    "imageId": "veg27_sponge_gourd",
    "audioId": "veg27_sponge_gourd_en"
  },
  {
    "category": "vegitables",
    "title": "મકાઈ - Corn",
    "description": "Description for Corn",
    "imageId": "veg28_corn",
    "audioId": "veg28_corn_en"
  },
  {
    "category": "vegitables",
    "title": "સરગવો - Drum Stick",
    "description": "Description for Drum Stick",
    "imageId": "veg29_drumstick",
    "audioId": "veg29_drumstick_en"
  },
  {
    "category": "vegitables",
    "title": "ગુવાર - Cluster Beans",
    "description": "Description for Cluster Beans",
    "imageId": "veg30_cluster_beans",
    "audioId": "veg30_cluster_beans_en"
  },
  {
    "category": "vegitables",
    "title": "વાલોળ - Indian Beans",
    "description": "Description for Indian Beans",
    "imageId": "veg31_indian_beans",
    "audioId": "veg31_indian_beans_en"
  },
  {
    "category": "vegitables",
    "title": "ફણસી - French Beans",
    "description": "Description for French Beans",
    "imageId": "veg32_french_beans",
    "audioId": "veg32_french_beans_en"
  },
  {
    "category": "vegitables",
    "title": "ચોળી - Long Beans",
    "description": "Description for Long Beans",
    "imageId": "veg33_long_beans",
    "audioId": "veg33_long_beans_en"
  },
  {
    "category": "vegitables",
    "title": "ફુદીનો - Mint",
    "description": "Description for Mint",
    "imageId": "veg34_mint",
    "audioId": "veg34_mint_en"
  },
  {
    "category": "vegitables",
    "title": "મરચાં - Chilis",
    "description": "Description for Chilis",
    "imageId": "veg35_chilis",
    "audioId": "veg35_chili_en"
  },
  {
    "category": "vegitables",
    "title": "રતાળુ - YAM",
    "description": "Description for YAM",
    "imageId": "veg36_purple_yam",
    "audioId": "veg36_yam_en"
  },
  {
    "category": "vegitables",
    "title": "કોળું - PUMPKIN",
    "description": "Description for PUMPKIN",
    "imageId": "veg37_pumpkin",
    "audioId": "veg37_pumpkin_en"
  },
  {
    "category": "vegitables",
    "title": "અરબી - Taro root",
    "description": "Description for Taro root",
    "imageId": "veg38_taroroot",
    "audioId": "veg38_taroroot_en"
  },
  {
    "category": "vegitables",
    "title": "હળદર - Turmeric",
    "description": "Description for Turmeric",
    "imageId": "veg39_turmeric",
    "audioId": "veg39_turmeric_en"
  },
  {
    "category": "vegitables",
    "title": "ચણા - Chickpea",
    "description": "Description for Chickpea",
    "imageId": "veg40_chickpea",
    "audioId": "veg40_chickpeas_en"
  },
  {
    "category": "vegitables",
    "title": "તમાલ પત્ર - Bay leaf",
    "description": "Description for Bay leaf",
    "imageId": "veg41_bay_leaf",
    "audioId": "veg41_bay_leaf_en"
  },
  {
    "category": "vegitables",
    "title": "આમલી - Tamarind",
    "description": "Description for Tamarind",
    "imageId": "veg42_tamarind",
    "audioId": "veg42_tamarind_en"
  },
  {
    "category": "vegitables",
    "title": "પરવાળ - Snake Gourd",
    "description": "Description for Snake Gourd",
    "imageId": "veg43_snake_gourd",
    "audioId": "veg43_snake_gourd_en"
  },
  {
    "category": "vegitables",
    "title": "મીઠો લીમડો - Curry Leaves",
    "description": "Description for Curry Leaves",
    "imageId": "veg44_curry_leaves",
    "audioId": "veg44_curry_leaves_en"
  },
  {
    "category": "vegitables",
    "title": "મશરૂમ - Mushroom",
    "description": "Description for Mushroom",
    "imageId": "veg45_mushroom",
    "audioId": "veg45_mushroom_en"
  }
]